difficulty,n,format_valid_rate,parse_success_rate,task_pass_rate,reward_mean
1,43,1.0,1.0,0.7906976744186046,0.8116279069767441
2,90,0.9666666666666667,0.9666666666666667,0.5888888888888889,0.6266666666666667
3,105,0.9523809523809523,0.9523809523809523,0.4380952380952381,0.4895238095238095
4,128,0.8984375,0.8984375,0.2265625,0.29375
5,134,0.8805970149253731,0.8805970149253731,0.13432835820895522,0.208955223880597
