difficulty,n,format_valid_rate,parse_success_rate,task_pass_rate,reward_mean
1,43,0.9767441860465116,0.9767441860465116,0.9069767441860465,0.913953488372093
2,90,0.8888888888888888,0.8888888888888888,0.6888888888888889,0.7088888888888889
3,105,0.8095238095238095,0.8095238095238095,0.5333333333333333,0.560952380952381
4,128,0.6328125,0.6328125,0.3046875,0.3375
5,134,0.47761194029850745,0.47761194029850745,0.12686567164179105,0.1619402985074627
