{
  "scenarios": [
    {
      "name": "A_normal_drifting",
      "steps": [
        200,
        250,
        300
      ],
      "medium_mean": [
        0.4087218636389073,
        0.451614712373887,
        0.5028320014232464
      ],
      "tracked": [
        0.3765015862931993,
        0.5620471851887784,
        0.5615470486280276
      ],
      "migration_steps": []
    },
    {
      "name": "B_persistent_outlier",
      "steps": [
        200,
        250,
        300
      ],
      "medium_mean": [
        0.4051441266462077,
        0.44203484670722987,
        0.47645022188326186
      ],
      "tracked": [
        0.55,
        0.62,
        0.7
      ],
      "migration_steps": [
        300
      ]
    },
    {
      "name": "C_single_spike",
      "steps": [
        200,
        250,
        300
      ],
      "medium_mean": [
        0.4037889075255191,
        0.441105433568532,
        0.5054094268952166
      ],
      "tracked": [
        0.43,
        0.7,
        0.46
      ],
      "migration_steps": []
    }
  ]
}